﻿<?xml version="1.0" encoding="utf-8"?>
<feed xmlns="http://www.w3.org/2005/Atom" xmlns:g="http://base.google.com/ns/1.0">
  <title>Generated by Prager, Software</title>
  <updated>02-05-2007T07:07:52Z</updated>
  <author>Prager, Booksellers</author>
  <id>tag:pragerbooksellers,02-05-2007T07:07:52Z:/products/books</id>
  <entry>
    <title>The Healing of Emotion: Awakening the Fearless Self</title>
    <g:author>Griscom, Chris</g:author>
    <g:condition>Very Good</g:condition>
    <summary>Very good. No dust jacket as issued.224 p.; 0.57" x 8.40" x 5.53".</summary>
    <g:expiration_date>2007-03-07</g:expiration_date>
    <g:format>Paper</g:format>
    <id>1Book</id>
    <g:isbn>0671686356</g:isbn>
    <g:payment_accepted />
    <g:payment_accepted />
    <g:payment_accepted />
    <g:payment_accepted />
    <g:payment_accepted>GoogleCheckout</g:payment_accepted>
    <g:payment_notes>All credit card transactions can also be processed through PayPal</g:payment_notes>
    <g:pickup>false</g:pickup>
    <g:price>2.8600</g:price>
    <g:product_type>books</g:product_type>
    <g:quantity>1</g:quantity>
    <g:shipping>
      <g:country>US</g:country>
      <g:service>USPS Media Mail</g:service>
      <g:price>2.07</g:price>
    </g:shipping>
    <g:shipping>
      <g:country>US</g:country>
      <g:service>USPS Priority Mail</g:service>
      <g:price>5.30</g:price>
    </g:shipping>
    <g:shipping>
      <g:country>US</g:country>
      <g:service>USPS Int'l Surface Mail</g:service>
      <g:price />
    </g:shipping>
    <g:shipping>
      <g:country>US</g:country>
      <g:service>Int'l Air Mail</g:service>
      <g:price />
      <g:shipping>
        <g:country>US</g:country>
        <g:service>UPS Ground</g:service>
        <g:price />
      </g:shipping>
      <g:shipping>
        <g:country>US</g:country>
        <g:service>UPS Priority</g:service>
        <g:price />
      </g:shipping>
    </g:shipping>
    <g:size>small</g:size>
    <g:binding>Trade Paperback</g:binding>
    <g:edition />
    <g:genre>Self Help</g:genre>
    <g:genre />
    <g:pages />
    <g:publisher>Fireside Books</g:publisher>
  </entry>
</feed>